userId,user_email,username,user_password
0,user1@example.com,user1,e2unzooo
1,user2@example.com,user2,3b2rk5im
2,user3@example.com,user3,1ofvsmct
3,user4@example.com,user4,fpdljdqq
4,user5@example.com,user5,lt95c0ws
5,user6@example.com,user6,6zvmb9vs
6,user7@example.com,user7,tm79zqv2
7,user8@example.com,user8,gqeqavwf
8,user9@example.com,user9,ylcu5bop
9,user10@example.com,user10,latdv097
10,user11@example.com,user11,htytn6zn
11,user12@example.com,user12,n9uex8up
12,user13@example.com,user13,qpk7bluc
13,user14@example.com,user14,1a8tob8u
14,user15@example.com,user15,x2dwiy6q
15,user16@example.com,user16,1dpza9pa
16,user17@example.com,user17,76v645qx
17,user18@example.com,user18,7al3a8wu
18,user19@example.com,user19,0e3f4d4o
19,user20@example.com,user20,maqmu11c
20,user21@example.com,user21,7hkv0vv0
21,user22@example.com,user22,rvbworiq
22,user23@example.com,user23,42z1kgnm
23,user24@example.com,user24,dw0akz5z
24,user25@example.com,user25,0uhnj0c9
25,user26@example.com,user26,8wm4qe82
26,user27@example.com,user27,oyc8qqxl
27,user28@example.com,user28,jxvsvdkq
28,user29@example.com,user29,67gdr76j
29,user30@example.com,user30,1ts455zv
30,user31@example.com,user31,u5mehg92
31,user32@example.com,user32,f57rwd6j
32,user33@example.com,user33,1heg9xpw
33,user34@example.com,user34,pd1tjj6p
34,user35@example.com,user35,5i02kwpx
35,user36@example.com,user36,7lxdsy9g
36,user37@example.com,user37,2ltb60nl
37,user38@example.com,user38,cqttoywy
38,user39@example.com,user39,kmggezay
39,user40@example.com,user40,nv07nmfu
40,user41@example.com,user41,7tyjbrhg
41,user42@example.com,user42,4klm9xup
42,user43@example.com,user43,2w2ul20l
43,user44@example.com,user44,jk24njra
44,user45@example.com,user45,0omr68jy
45,user46@example.com,user46,d17nmei6
46,user47@example.com,user47,jtwtwsz7
47,user48@example.com,user48,emn5sqzj
48,user49@example.com,user49,x2c1oxh5
49,user50@example.com,user50,nf5pun1t
50,user51@example.com,user51,j5c1wun0
51,user52@example.com,user52,wpsi97fi
52,user53@example.com,user53,0v164owj
53,user54@example.com,user54,lknxq74f
54,user55@example.com,user55,hkmo5mke
55,user56@example.com,user56,1jpe8vlf
56,user57@example.com,user57,k98vhoru
57,user58@example.com,user58,rlcefotr
58,user59@example.com,user59,0oywubf2
59,user60@example.com,user60,oxe94rr2
60,user61@example.com,user61,gnrw1xhg
61,user62@example.com,user62,lmq8qij3
62,user63@example.com,user63,7z1whmx2
63,user64@example.com,user64,5hah7fly
64,user65@example.com,user65,4l93uxn9
65,user66@example.com,user66,gfiocq19
66,user67@example.com,user67,bq1jokii
67,user68@example.com,user68,k5r1dsmb
68,user69@example.com,user69,opslyi8h
69,user70@example.com,user70,fn6hd1do
70,user71@example.com,user71,8im6hd1v
71,user72@example.com,user72,oqcx1m53
72,user73@example.com,user73,fdho12yt
73,user74@example.com,user74,eec5p3md
74,user75@example.com,user75,d7sz10cc
75,user76@example.com,user76,nmwdvhe0
76,user77@example.com,user77,g9v95o11
77,user78@example.com,user78,9udpkift
78,user79@example.com,user79,y6ume0ea
79,user80@example.com,user80,armhbwys
80,user81@example.com,user81,q79gy4nj
81,user82@example.com,user82,d5q0g2ei
82,user83@example.com,user83,wxp4nr8m
83,user84@example.com,user84,zbeuee2j
84,user85@example.com,user85,rddh4wgz
85,user86@example.com,user86,0t85gjzh
86,user87@example.com,user87,f3gncnso
87,user88@example.com,user88,ghdlasyw
88,user89@example.com,user89,7tj0bybp
89,user90@example.com,user90,q373h4lc
90,user91@example.com,user91,amgwnxzm
91,user92@example.com,user92,x1lqllom
92,user93@example.com,user93,yktfw20k
93,user94@example.com,user94,ogfujxzm
94,user95@example.com,user95,cdkafbea
95,user96@example.com,user96,joespdm2
96,user97@example.com,user97,awkgpbd8
97,user98@example.com,user98,v95wl2yf
98,user99@example.com,user99,boo8yf41
99,user100@example.com,user100,5o3koijr
